{
  "a": 1.6208594549947215,
  "gbar": 0.6184457743072629,
  "tail_mean": 1894128.5685871998,
  "threshold": 725533.375
}
